"TIME_PERIOD","SNA_TABLE1.AUS.B1_GA.C","SNA_TABLE1.AUS.B1_GA.V","SNA_TABLE1.AUT.B1_GA.C","SNA_TABLE1.AUT.B1_GA.V","SNA_TABLE1.BEL.B1_GA.C","SNA_TABLE1.BEL.B1_GA.V","SNA_TABLE1.CAN.B1_GA.C","SNA_TABLE1.CAN.B1_GA.V","SNA_TABLE1.CZE.B1_GA.C","SNA_TABLE1.CZE.B1_GA.V","SNA_TABLE1.DNK.B1_GA.C","SNA_TABLE1.DNK.B1_GA.V","SNA_TABLE1.FIN.B1_GA.C","SNA_TABLE1.FIN.B1_GA.V","SNA_TABLE1.FRA.B1_GA.C","SNA_TABLE1.FRA.B1_GA.V","SNA_TABLE1.DEU.B1_GA.C","SNA_TABLE1.DEU.B1_GA.V","SNA_TABLE1.GRC.B1_GA.C","SNA_TABLE1.GRC.B1_GA.V","SNA_TABLE1.ITA.B1_GA.V","SNA_TABLE1.KOR.B1_GA.C","SNA_TABLE1.NZL.B1_GA.C","SNA_TABLE1.POL.B1_GA.C","SNA_TABLE1.ESP.B1_GA.C","SNA_TABLE1.ESP.B1_GA.V","SNA_TABLE1.CHE.B1_GA.C","SNA_TABLE1.CHE.B1_GA.V","SNA_TABLE1.GBR.B1_GA.C","SNA_TABLE1.GBR.B1_GA.V","SNA_TABLE1.COL.B1_GA.C","SNA_TABLE1.COL.B1_GA.V","SNA_TABLE1.EST.B1_GA.C","SNA_TABLE1.EST.B1_GA.V","SNA_TABLE1.SVN.B1_GA.V","SNA_TABLE1.IRL.B1_GA.C","SNA_TABLE1.CHL.B1_GA.C","SNA_TABLE1.SWE.B1_GA.C","SNA_TABLE1.PRT.B1_GA.C","SNA_TABLE1.IND.B1_GA.C","SNA_TABLE1.POL.B1_GA.V","SNA_TABLE1.ZAF.B1_GA.C","SNA_TABLE1.MEX.B1_GA.V","SNA_TABLE1.RUS.B1_GA.C","SNA_TABLE1.ISL.B1_GA.C","SNA_TABLE1.HUN.B1_GA.V","SNA_TABLE1.RUS.B1_GA.V","SNA_TABLE1.SVK.B1_GA.V","SNA_TABLE1.IDN.B1_GA.V","SNA_TABLE1.ISR.B1_GA.V","SNA_TABLE1.LUX.B1_GA.C","SNA_TABLE1.CHN.B1_GA.V","SNA_TABLE1.JPN.B1_GA.V","SNA_TABLE1.JPN.B1_GA.C","SNA_TABLE1.NLD.B1_GA.C","SNA_TABLE1.SVK.B1_GA.C","SNA_TABLE1.MEX.B1_GA.C","SNA_TABLE1.NOR.B1_GA.C","SNA_TABLE1.NOR.B1_GA.V","SNA_TABLE1.KOR.B1_GA.V","SNA_TABLE1.TUR.B1_GA.V","SNA_TABLE1.IND.B1_GA.V","SNA_TABLE1.CHL.B1_GA.V","SNA_TABLE1.SVN.B1_GA.C","SNA_TABLE1.LUX.B1_GA.V","SNA_TABLE1.DEW.B1_GA.C","SNA_TABLE1.HUN.B1_GA.C","SNA_TABLE1.TUR.B1_GA.C","SNA_TABLE1.PRT.B1_GA.V","SNA_TABLE1.DEW.B1_GA.V","SNA_TABLE1.SWE.B1_GA.V","SNA_TABLE1.NLD.B1_GA.V","SNA_TABLE1.CHN.B1_GA.C","SNA_TABLE1.ISL.B1_GA.V","SNA_TABLE1.ITA.B1_GA.C","SNA_TABLE1.IDN.B1_GA.C","SNA_TABLE1.ISR.B1_GA.C","SNA_TABLE1.LVA.B1_GA.C","SNA_TABLE1.EU28.B1_GA.C","SNA_TABLE1.USA.B1_GA.C","SNA_TABLE1.NZL.B1_GA.V","SNA_TABLE1.EU28.B1_GA.V","SNA_TABLE1.LVA.B1_GA.V","SNA_TABLE1.USA.B1_GA.V","SNA_TABLE1.ZAF.B1_GA.V","SNA_TABLE1.IRL.B1_GA.V","SNA_TABLE1.BRA.B1_GA.V","SNA_TABLE1.BRA.B1_GA.C","SNA_TABLE1.LTU.B1_GA.C","SNA_TABLE1.LTU.B1_GA.V","SNA_TABLE1.EA19.B1_GA.C","SNA_TABLE1.EA19.B1_GA.V","SNA_TABLE1.ARG.B1_GA.C","SNA_TABLE1.ARG.B1_GA.V","SNA_TABLE1.CRI.B1_GA.V","SNA_TABLE1.CRI.B1_GA.C"
"1990/01/01",414815,758132,137217.3419,195866.4911,171007.4708,263259.859,692997,999298,723790.3724,2752666.0823,854613.9317,1289150.3531,91010,126183,1058627,1440085,1458040.0226,1939434.0471,45538.9355,149237.617,1320709.8755,197712300,76128,62678.8608,327803.025,659263.9034,357608.2713,447402.7323,615673,1119587,NA,220167627.6,NA,NA,NA,37889.389,10482219.4767,1527963.5756,55978.9351,NA,684636.1935,298971.26,7227886.3023,643.5265,380100.3947,NA,NA,NA,NA,NA,10928.2905,5612139.4699,424494255.0119,449392207.1404,259679.3738,9998.2234,825099.7312,749860,1242692,419518100,50532.1578,NA,34417554.0887,NA,18004.8025,1306680,NA,528.3694,125445.8229,1346992.12,2314107.2459,400573.1733,1877430,663733.7432,728529.5136,NA,NA,NA,NA,5979589,113721,NA,NA,8955040.8,1632064.05,66508.6978,NA,NA,NA,NA,NA,NA,NA,NA,NA,NA
"1991/01/01",422927,761156,147109.1186,202607.4859,179151.581,268085.6078,699253,978056,871253.4038,2432945.5035,888889.0489,1305914.8129,86962,118720,1097112,1455049,1579800,2038505.41,56241.115,153863.9831,1341028.3042,238877200,75967,90485.6405,359461.2864,676048.7662,373499.4917,443305.3439,647966,1107059,NA,226308589.7,NA,NA,NA,39316.2262,13719082.7862,1635017.4085,64316.9854,NA,636605.0018,342245.28,7533065.7834,1397.0379,410976.3983,15615711.7767,NA,NA,NA,NA,12089.3776,6133348.0571,438605890.6181,476430783.5743,274305.0697,11496.9325,1059878.3091,790087,1281025,462954800,51000.3452,NA,37160598.9216,NA,19561.172,1415800,2589626.2247,847.0319,130925.5554,1415800,2287588.1586,410343.6918,2189550,662250.1289,795819.4939,NA,NA,NA,NA,6174043,112484,NA,NA,8948406.5,1615445.45,67792.0759,NA,NA,NA,NA,NA,NA,NA,NA,NA,NA
"1992/01/01",443969,792060,155414.0955,206849.1237,188122.7702,272189.0731,716019,986692,973957.8485,2420621.6042,921656.5285,1331712.6442,84852,114773,1136841,1478325,1695320,2077722.32,65016.0821,154941.031,1352216.1744,273267400,78334,128590.8338,387148.2318,682330.7156,381268.1797,443111.4732,672170,1111043,NA,236093300.8,NA,NA,NA,41773.2992,17216702.7392,1632482.8829,72459.6508,NA,652615.4815,383722.73,7806415.0377,18985.6306,410807.9801,15137218.2056,NA,30744.7631,NA,NA,12768.3877,7008336.3886,442198203.8248,487961415.7951,285947.6479,11926.8425,1256619.4873,813093,1326814,491544600,54052.3519,NA,41723185.9943,NA,19917.1174,NA,3050215.0539,1469.7551,132351.9585,NA,2261084.3283,417344.4462,2706830,639906.5106,837511.1495,NA,NA,NA,NA,6539299,113740,NA,NA,9266557.8,1580922.79,70058.5509,NA,NA,NA,NA,NA,NA,NA,NA,NA,NA
"1993/01/01",466616,824043,160540.303,207938.8245,193753.1887,269570.9596,744608,1012891,1179304.3212,2422120.0718,926957.1502,1330519.3625,85748,113930,1148404,1469268,1748550,2057855.86,73206.7348,152461.9745,1340684.397,310073700,84574,174274.8229,400539.4886,675292.5304,389629.8297,442553.2257,707734,1138897,NA,249613868.2,NA,NA,NA,45118.39,20379313.5668,1634131,76214.823,NA,677012.2734,438884,7958681.0796,171330.1942,423827.9531,15050011.4023,NA,31329.3216,3407736006.1499,NA,14099.4044,7985079.3681,442954640.0984,490934148.9853,294169.0731,14046.8893,1402747.9259,855400,1364566,525199400,58399.2524,NA,44638077.9421,NA,20753.7654,NA,3677941.979,2664.1159,129647.6413,NA,2214379,422592.7705,3552430,648311.3593,862636.538,396455738.6407,NA,NA,NA,6878718,121038,NA,NA,9521004.2,1600424.27,71944.9539,NA,NA,NA,NA,NA,NA,NA,NA,NA,NA
"1994/01/01",495554,856007,168547.5938,212933.762,204194.2751,278269.9376,789507,1058405,1363397.7598,2492587.0403,993175.2737,1404035.8385,90768,118418,1186345,1503728,1830290,2108425.03,83020.4831,155511.214,1369522.8354,366054200,90601,251822.8679,425995.7819,691386.0704,399250.5057,448172.5793,745196,1183144,NA,263611744.5,NA,NA,NA,48523.8778,24257090.2543,1744433,82550.3193,NA,712845.1929,496233,8310082.7799,610106.6921,450555.3367,15493558.4991,NA,33273.4722,3664678238.1108,NA,15156.6687,9030784.7362,446779900,495743400,309127.2923,16924.8956,1585839.9305,897243,1433551,573550000,55213.1842,NA,47186072.5916,NA,21546.7504,NA,4524333.7745,5200.1185,130898.5314,NA,2304894,435106.1329,4845960,671707.9952,912408.0495,459503559.2088,NA,NA,NA,7308755,127221,NA,NA,9905428.4,1652183.72,76085.981,NA,NA,NA,NA,NA,NA,NA,NA,NA,NA
"1995/01/01",528960,889813,176183.3,218614.8,211616,284906,828973,1086746,1580115,2647661,1036483,1447072,98556,123400,1224967,1535082,1898880,2145061.88,93063.6012,158776.5137,1409058.7238,428927100,96236,344683,459337,710451,404130.0328,450327.6908,836646,1212798,NA,277650230.6,2779.46,7933.38,22631.0225,54812.9249,29336967.4112,1883562,89037.32,NA,762401.1687,563870,7797600.4628,1427028.6414,464602.0666,15724339,22919500.9783,35217.806,3965920142.238,498708.2067,15732.269,10022354.4802,455457900,501706900,325341,19685.778,2051331.7553,963124,1493100,628442200,59183.6882,NA,52200808.8874,10521.6532,21855.343,NA,5819221,10434.6466,136504.628,NA,2397650,448664.1965,6112980,672491.0973,984983.4035,546415847.4882,301035.733,4058.804,7345928.3019,7664060,133063,9145508.2791,9631.108,10174754.6,1703660.31,83416.4257,NA,NA,7764.5267,14584.1488,5746493.7408,6826925.295,NA,NA,NA,NA
"1996/01/01",556573,924936,182132.75,223857.87,215942,289445,857023,1104254,1812622,2761055,1088024,1489039,102060,127915,1258950,1556389,1926320,2162606.29,103036.6433,163320.9021,1427184.3823,481140800,101101,431222,487992,729453,407409.5179,453034.5816,892900,1243709,NA,282059460.1,3649.28,8355.75,23426.7928,60206.4539,32049653.08,1932025,94351.378,NA,808576.6017,634611,8199435.3756,2005726.005,498879.6827,15725217,22092618.9276,37597.525,4275975480.093,528427.7771,16686.171,11016973.2758,467345600,511934800,340964,21951.49,2820216.9212,1054657,1568173,676169300,63329.6933,NA,56070719.12,12131.917,22275.675,NA,7103898,19857.3426,141277.762,NA,2434043,464666.7887,7157230,704670.2161,1043085.7637,640252073.7312,350370.0042,4678.127,7736132.7132,8100201,137902,9316951.0343,9858.308,10560976.2,1777031.78,91000.5033,NA,NA,9714.1488,15335.2264,5992731.1341,6939703.4746,NA,NA,NA,NA
"1997/01/01",588679,965987,188309.68,228793.98,225969,300185,903902,1151514,1953311,2742438,1146129,1537595,110738,135912,1299739,1592767,1967090,2202597.22,114712.1849,170644.5366,1453378.4294,530347100,104814,521795,518049,756367,415948.4212,463508.9556,938855,1282602,NA,291069897.9,4494.77,9341.61,24624.9281,69367.3359,35593645.34,2019261,102356.901,NA,860807.0103,703117,8754698.8831,2340065.0021,538598,16245071,22397750.0935,39878.771,4476942229.3952,549438.322,17465.152,12033772.4326,474802700,523198300,364961,24415.614,3544596.6074,1141324,1651046,716213300,68097.6587,NA,60069673.97,13827.2273,23518.454,NA,8812386,38762.506,147531.015,NA,2504642,484646.8446,7942950,739292,1089869.2035,754614023.9773,395104.6678,5394.124,8179796.4303,8608515,140626,9573272.28,10743.005,11034850,1824066.6,100781.3563,NA,NA,11724.338,16607.0118,6137965.6843,7123037.9843,NA,NA,NA,NA
"1998/01/01",620243,1014355,195828.19,236938.97,234490,306115,937295,1196213,2142587,2733771,1185988,1571701,120382,143290,1358776,1649409,2018230,2246200.24,125262.5543,177290.9788,1476866.0885,524476800,106825,606069,554042,788936,427658.4067,477158.2397,980308,1323527,NA,292828706.9,5049.22,9726.23,25434.0125,80352.532,37542890.44,2121037,111385.192,NA,900530.2196,761658,9195093.1909,2626873.8419,600899,16930440,21200620.678,41478.633,3889265279.141,572644.7142,18189.109,12978201.4349,465291700,512438600,389315,26664.053,4295077.7139,1163192,1694376,677027700,70203.1472,NA,62530098.12,15337.3518,25078.242,NA,10433144,70203.1472,154600.363,NA,2610508,506579.1258,8488370,787494,1135499.481,1149004627.2507,440196.3094,6021.965,8559252.2229,9089168,141482,9857877.4482,11443.639,11525891,1833503.78,109073.5487,NA,NA,13021.9581,17847.0866,6383405.4779,7330194.3829,NA,NA,NA,NA
"1999/01/01",660728,1053597,203418.33,245445.05,244226,317022,1004456,1257976,2237300,2773084,1241521,1618035,126923,149658,1408159,1705606,2064880,2290835.27,133788.7282,182738.4155,1499902.9974,576872800,113227,673287,594316,824319,435463.9366,484999.7247,1021205,1366983,NA,277627994.2,5378.7,9642.93,26775.4923,92717.2117,38306646.54,2237854,119639.161,NA,942334.7299,834753,9540538.9694,4818191.0162,645823,17473052,22547093.4327,41393.573,3920035312.6865,594272.6111,20838.287,13967439.5514,464364200,504903200,414838,28547.609,5130759.8812,1265701,1728489,753590200,67840.5698,NA,62188441.61,17210.3612,27252.031,NA,11637865,104595.9155,160611.555,NA,2728768,532169.9499,9018770,820279,1171901.3716,1322094901.3981,485223.7897,6272.132,8984648.4342,9660624,149280,10157155.2081,11743.342,12065902,1876740.03,120922.1788,NA,NA,12712.0799,17644.5859,6678845.5813,7546649.4561,NA,NA,NA,NA
"2000/01/01",705221,1073925,213196.12,253712.64,258222,328542,1102380,1323173,2372630,2892164,1326912,1678661,136261,158091,1485303,1771701,2116480,2358690.85,141247.2762,189901.3425,1555551.0183,635184600,119839,747032,646250,867918,458778.949,504138.311,1080863,1418176,208531000,284761000,6170.77,10662,27888.1302,108382.6886,42094988.81,2380358,128466.305,NA,985301.1526,946324,10169353.464,7298008.5601,701627,18207328,24812097.101,41894.507,4112902672.4286,644233.0996,22881.315,15145031.3772,474847200,509860000,448061,31601.286,6132389.1711,1507886,1783892,820843800,72436.3989,NA,65372653.53,18901.9735,29831.683,NA,13321531,166658.0215,166694.708,NA,2857983,554727.3732,9977630,859026,1239266.3278,1520682588.5176,539808.2255,6850.286,9648614.8981,10284779,153411,10548289.3798,12378.288,12559660,1954710.28,132907.2484,1202377.2158,1202377.2158,13368.1765,18320.6677,7032429.3779,7835406.4866,NA,NA,14031339.9863,4607290.8707
"2001/01/01",753388,1115343,220095.68,257139.07,265788,331208,1140505,1346604,2562679,2980419,1371526,1692479,144437,162171,1544629,1806328,2179850,2398681.78,152193.8375,197747.3293,1583118.2752,688164900,128712,779975,699528,902644,470213.9171,511431.1496,1120575,1456837,225851000,289539000,6976.37,11336.77,28710.6531,121940.5402,45287944.57,2478130,135827.522,NA,997597.7646,1046144,10166015.2611,8934232.2681,791688,18894491,26075310.4392,43283.925,4262754901.3052,645569.8135,23525.7,16309772.3176,476535100,505543200,476696,34310.622,6487465.5307,1564585,1821092,857989500,68309.3521,NA,67508950.77,21146.7671,30899.4,NA,15383442,240224.0831,169934.094,NA,2902665,566511.249,11027040,891348,1298890.1867,1801401225.1189,549902.9331,7460.116,10045214.8914,10621824,158682,10782605.7795,13178.088,12682240,2008180.62,140950.6732,1217719.6174,1316318.0508,14194.52,19515.987,7356610.3891,8002628.8405,NA,NA,14521099.6352,5233427.8347
"2002/01/01",800720,1149594,226302.65,261396.92,275065,337105,1189452,1387137,2674634,3029505,1410271,1700371,148289,164896,1594259,1826531,2209290,2398681.78,163460.7643,205504.7036,1587053.0572,761938900,135182,810617,749288,928638,469337.8031,512164.5131,1172652,1491761,245323000,296789000,7773.84,12025.63,29812.0814,135950.85,48328914.98,2569876,142631.414,NA,1017964.7594,1217265,10244491.5548,10819212.25,839786,19745322,27312266.5,45241.567,4454556509.062,645650.7743,24767.7,17791036.92,477914900,499147000,494501,37279.842,6993814.7699,1560181,1847274,921759000,72519.831,NA,69325028.12,23622.4857,32018.2,NA,17421576,350476.0895,171240.542,NA,2962854,567098.3245,12100200,895389,1345794.2365,1993445339.8075,573712.6816,8397.05,10409347.0735,10977514,166416,10926067.101,14114.131,12908761,2081837.24,148811.4492,1255179.2621,1491183.2104,15202.167,20835.414,7610799.4829,8079981.192,NA,NA,14999098.3916,5938755.5502
"2003/01/01",861327,1197294,230999.23,263373.49,282637,339716,1250315,1412137,2801163,3138623,1436751,1707004,151569,168184,1637438,1841500,2220080,2381653.39,178904.9035,217412.7379,1589454.6477,810915300,144502,845930,803472,958239,474015.0136,512419.1006,1242449,1543469,272345000,308418000,8708.88,12917.47,30659.3655,145557.054,52643473.74,2677446,146158.277,NA,1054229.4644,1325766,10386917,13208233.78,866583,20501123,29304929.71,47693.079,4667500752.9288,652133.62,25877.3,19574655.767,485968300,498854800,506671,41404.346,7696035,1619613,1864266,948796200,76338.1926,NA,71940238.91,25667.5044,32465.7,NA,19077348,454780.6594,169640.802,NA,3033540,568708.4447,13656460,919939,1390709.5737,2203357478.9323,577229.5156,9552.651,10569916.2803,11510670,174132,11074294.6807,15304.051,13271081,2143232.17,154277.4612,1270536.4681,1720069.281,16668.4845,23031.1676,7829868.011,8133710.7669,NA,NA,15637381.5498,6855361.2713
"2004/01/01",921929,1235687,241505.02,270499.7,298711,352064,1331178,1455715,3057660,3293905,1505221,1752051,158477,174787,1710760,1892812,2270620,2409518.03,193715.8236,228415.9804,1614598.8034,876033100,154559,927306,861420,988584,489369.0964,526986.911,1304874,1582486,307762000,324866000,9707.66,13730.59,31993.5984,156143.6328,60546524.55,2805115,152371.562,32422080,1108370.9948,1476623,10824202,17027190.86,961938,21527284,31407836.57,50201.18,4902316832.1914,683958.2444,27660.5,21548767.6042,497440700,503725300,523939,46101.527,8690254,1781981,1938073,995285700,83485.5906,32422080,76987661.19,27672.6986,33897.8,NA,21023630,559033.0259,172713.987,NA,3164605,580257.243,16071440,995561,1448362.7041,2512087021.4576,606945.2023,11048.732,11098324.9747,12274928,180765,11355398.2455,16579.727,13773490,2240846.61,164652.4662,1342446.0863,1958705.3003,18237.7241,24539.7282,8164447.5237,8320995.1999,485115.1947,485115.1953,16315508.299,8114385.4929
"2005/01/01",997534,1272546,253009.25,276290.24,311481,359437,1417028,1502318,3257972,3506107,1586537,1794749,164387,179646,1771978,1923243,2300860,2426546.43,199242.3118,229784.5166,1629932.0805,919797300,162936,984919,930566,1025390,507463.3989,542998.3825,1379457,1629519,340156000,340156000,11262.3,15017.66,33274.3045,170215.768,68882767.61,2907352,158652.559,36924851,1147685.4593,1639254,11157112,21609765.49,1054900,22470802,33410458.97,53590.242,5181384713.4038,713521.8215,29733.5,23985940.8139,503921000,503903000,545609,50415.092,9424602,1988942,1988942,1034337500,90499.7309,35443477.38,81742968.59,29226.6018,34988.1,NA,22470802,648931.7118,174038.332,NA,3253794,592792.9232,18589580,1054900,1489725.4628,3035611121.2535,641012.5408,13597.232,11590317.0496,13093726,186912,11590317.0496,18353.266,14234243,2359098.71,174146.5297,1384721.8624,2171735.6008,21002.3505,26436.0131,8459978.753,8459978.753,584761.3113,528238.5798,16947060.9577,9532875.007
"2006/01/01",1086534,1320364,266478,285548.26,326662,368421,1492207,1541730,3507131,3747206,1682713,1862891,172614,186931,1853267,1968919,2393250,2516332.52,217861.5682,242772.9341,1662638.096,966054600,172109,1065209,1007974,1068191,538125.4323,564787.7429,1455644,1670306,383898000,362938000,13521.71,16560.26,35156.2989,185060.733,82018170.63,3099081,166248.715,42936718,1218758.0847,1839400,11712325,26917201.38,1195958,23337219,36134558.02,58120.165,5466410188.294,753638.9582,33409.3,27028779.0482,512451900,506687000,579212,56272.653,10520793,2215312,2036579,1087876400,96738.3202,38729738.67,86397687.67,31555.3812,36776.2,NA,24153022,758390.7852,176741.239,NA,3406336,613651.1541,21765660,1099273,1548473.4353,3653762286.1492,688471.9852,17101.855,12255177.1095,13855888,192381,11973000.9246,20535.357,14613817,2491295,184362.1881,1440114.731,2409802.7539,24079.1784,28393.9817,8903830.8749,8733387.1802,719057.8624,571250.5962,18212087.0195,11580568.1874
"2007/01/01",1177941,1369306,282346.91,295889.42,344713,380938,1573532,1573532,3831819,3954399,1739264,1878249,186584,196623,1945670,2015415,2513230,2598378.43,232694.5927,250720.7054,1687143.2451,1043257800,186844,1186773,1080807,1108450,573080.3259,588171.923,1530890,1712996,431072000,387983000,16246.4,17843.38,37596.7246,197293.4276,90428771.04,3297053,175467.717,49864260,1306529.2066,2109502,12090028,33247513.23,1363977,23441851,39218671.53,64396.897,5813255130.7195,798640.4092,36766.1,30866719.5091,523685800,512975200,613280,63053.882,11399472,2349861,2096246,1147311400,101254.6255,42531819.97,90856521.6,35152.5912,39863.8,NA,25560380,843178.4214,181145.635,NA,3522320,636346.877,26801940,1203626,1609550.7608,4323057002.6969,737666.8888,22592.013,12983210.5558,14477635,197892,12338095.1032,22578.5,14873734,2624840,191361.7446,1526607.4807,2718031.6375,29040.662,31542.0095,9400784.5143,8996640.0907,901044.4336,622753.0909,19657593.343,13816350.7582
"2008/01/01",1258459,1394223,291930.39,300467.61,354066,383784,1652923,1589273,4015346,4061601,1797547,1864764,193711,198040,1995850,2019351,2561740,2626501.08,241990.3899,249880.3584,1669421.4033,1104492200,189616,1277322,1116207,1120820,597380.5153,601566.0098,1564252,1702252,480087000,401744000,16517.27,16876.36,38837.4655,187687.2187,93847932.01,3387599,178872.582,55826231,1357750.1038,2369063,12256864,41276849.19,1541784,23650297,41276849.19,68022.3,6162847000,820958.0966,37647.4,33836398.3259,518230900,501209300,639163,68491.623,12256864,2605380,2104302,1179771400,101921.7299,44629672.93,93847932.01,37951.19,39527.7,NA,27071868,950534.2507,181506.608,NA,3502699,647158.7972,31675170,1221425,1632150.832,5414841900,777736.3321,24351.235,13053689.5683,14718582,195301,12388767.4046,21763.661,14830359,2708600,182992.574,1603212.5565,3107530.777,32696.2816,32370.9581,9633289.0283,9034656.943,1154668.293,648247.74,20571592.4557,16109612.0422
"2009/01/01",1296797,1422361,286188.36,289052.62,348781,375015,1567365,1542396,3921827,3864947,1714214,1769886,181029,181664,1939017,1959955,2460280,2478921.65,237534.1815,239133.6697,1577902.8212,1151707800,194249,1361850,1079034,1080764,587060.667,588754.9487,1519459,1628583,504647000,408379000,14145.86,14391.42,35809.2009,169704.3476,96443760.98,3288509,175448.19,65502710,1393515.7273,2507677,11675438,38807218.57,1589405,22097978,38048634.27,64333.762,6452609800,831517.6014,36268.2,36961557.0335,489588400,471138700,617540,64023.061,12072542,2429698,2070159,1188118400,97003.1144,48693175.82,92875262.22,36166.2026,37402.3,NA,26297412,952558.5788,176101.152,NA,3321096,622776.5489,34562920,1164248,1572878.2823,6011375000,818188.4152,18826.593,12295323.95,14418739,194251,11847088.873,18644.44,14418738,2666939,174638.7454,1599455.3263,3328173.5957,26934.8205,27575.4715,9288120.1394,8626228.3434,1253602.9543,609266.2999,20371935.2122,17521034.8873
"2010/01/01",1409795,1456207,294627.5,294627.5,365101,385121,1662131,1589956,3953651,3953651,1798649,1798649,187100,187100,1998481,1998481,2580060,2580060,226031.4472,226031.4472,1604514.5196,1265308000,203430,1445060,1080913,1080913,606145.6911,606145.6911,1572439,1659773,544924000,424599000,14716.53,14716.53,36252.4314,167124.2798,110998728.9,3519994,179929.812,NA,1445060,2748008,12282459,46308541.19,1618101,22247603,39762240.36,67577.288,6864133100,876134.3981,39525.5,40890295.17,512654800,482676900,631512,67577.288,13266858,2590089,2082619,1265308000,105885.6439,NA,98219034.46,36252.4314,39525.5,NA,27085900,1098799.348,179444.769,NA,3519994,631512,40890295.17,1122467,1604514.5196,6864133100,876134.3981,17937.881,12814196.9335,14964372,196913,12100514.9,17937.881,14783809,2748008,178190.1118,1720544.3152,3886835,28027.6595,28027.6595,9544795.3659,8806621.2841,1670698.4104,672347.0972,21380725.7063,19596936.6822
"2011/01/01",1491046,1509107,308630.28,302900.64,379106,392041,1769922,1639900,4033755,4032910,1833404,1819372,196869,191910,2059284,2040034,2703120,2674490.2,207028.8753,205389.1385,1613766.546,1332681000,213240,1566557,1070413,1070103,618324.7647,617083.9169,1628274,1684820,619894000,452578000,16667.63,15834.59,36487.8427,173070.2083,121319461.8,3656577,176166.578,NA,1517436,3024951,12763880,55967226.76,1700507,22634583,41457772.5,69482.359,7287635300,919209.0669,42226.9,44769643.07,510325900,471578700,642929,70627.205,14527337,2791973,2102795,1311892700,115174.7242,NA,103954673.1,36896.3007,40539.6,NA,28166115,1297713.21,176166.578,NA,3613781,642018,48412350.32,1144783,1637462.9393,7831726000,936619.4165,20269.349,13189210.8698,15517926,201787,12301578.3035,19052.035,15020565,2836286,178117.8284,1787911.7744,4374765,31263.0969,29721.9063,9798148.1784,8943042.2959,2191506.5253,713679.5432,22301615.2981,21370733.298
"2012/01/01",1524383,1545929,317116.96,305159.54,387447,392663,1822808,1668524,4059912,4000653,1882625,1818038,199793,189173,2086929,2043761,2758260,2687648.5,191203.9079,190394.7169,1568274.1584,1377456700,217996,1628992,1042872,1042063,623610.8621,623551.5897,1675044,1706942,664240000,470880000,17934.89,16516.63,35506.5337,175753.6267,129027552.6,3684800,168397.969,NA,1541133.8749,3262545,13279399,62176494.98,1775490,22271861,42869636.34,70633.785,7727083400,945995.7145,43574.1,48238193.92,519216800,475331700,645164,72703.513,15599271,2965208,2160597,1341966500,117625.0211,NA,109627615.3,36002.4981,40196.2,NA,28660518,1416798.49,169070.136,NA,3603434,635231.6296,53412303.89,1158325,1613264.9649,8615704500,1001039.1738,21848.489,13449020.2422,16155255,206488,12246116.8826,19813.954,15354627,2899248,176153.4018,NA,NA,33334.7298,30861.9211,9838208.7594,8864862.01,2652188.5891,706165.3936,23371405.9245,23371405.9245
"2013/01/01",1584578,1584578,322539.23,305538.62,392675,392675,1892193,1705533,4098128,3981303,1903520,1813606,203338,187739,2115256,2055538,2826240,2700806.81,180654.2763,184223.2149,1541171.9135,1429445400,NA,1656341,1031272,1024640,634776.023,634654.4216,1739563,1739563,710497000,493831000,18890.13,16750.37,35120.6051,180209.273,137229575.8,3769909,170269.327,NA,1560624.7257,3534327,13464633,66190119.92,1878700,22743389,43444431.4,71686.685,8158193700,977448.3086,46541.1,51945461.24,526261100,479083700,652748,74169.873,16077059,3071134,2182175,1380832600,122556.461,NA,113987062.9,35917.0821,41943.4,NA,30127349,1567289.238,167159.381,NA,3648160,634022.5348,58801875.59,1203453,1604599.0616,9524736500,1055827.7133,22774.015,13560803.7198,16663160,212154,12273610.1877,20388.242,15583338,2963389,178089.0455,NA,NA,34962.2304,31955.8975,9938219.247,8842590.6241,3361239.4426,722424.74,23849987.016,24808292.9851
"2014/01/01",1609992,1620355,330417.6,307508.87,400408,397762,1973043,1747709,4313789,4089400,1942584,1836492,205364,186409,2139964,2068624,2923930,2743893.81,177940.5825,184873.2451,1542588.1734,1486079300,NA,1719146,1041160,1038582,643784.4209,647327.7479,1822480,1792976,757506000,515489000,19758.25,17223.22,36211.5495,193159.5936,147568108.3,3936840,173446.192,NA,1612656.511,3796460,13765001,71406399.2,1989260,23663887,43722686.8,73529.644,8568115600,1003602.4704,48897.5,55712036.86,526095700,486938800,663008,75946.359,17209663,3140371,2224047,1426972400,126069.7892,NA,116125910.9,37332.3942,43650.2,NA,32400148,1749782.267,168673.5,NA,3743170,643023.6912,63591020.17,1225436,1620381.0902,10542693500,1093673.9985,23607.881,13987342.0511,17348070,219741,12462406.2332,20816.287,15961670,3008576,193159.5936,NA,NA,36444.3624,32924.9505,10127557.0143,8937694.2859,4608744.9826,703941.6659,24556425.3742,26731324.6871
"2015/01/01",NA,NA,339896.04,310470.36,409407,403227,1983288,1766554,4554615,4274880,1985347,1854637,209149,186801,2181064,2094982,3032820,2791108.91,175697.4345,184468.1006,1553875.7625,1558591600,NA,1789696,1081190,1071965,645555.7025,652779.7813,1870693,1832807,NA,NA,20251.68,17471.96,37050.4425,255815.1908,157130883.8,4180507,179369.108,NA,1671312.0572,NA,NA,NA,2189652,24408846,NA,76346.627,NA,NA,52112.5,NA,NA,NA,676531,78685.608,NA,3117433,2259877,1464244000,NA,NA,118525235.4,38570.0099,45766.9,NA,33999012,NA,171119.684,NA,3897534,655573.6552,67670777.81,1273928,1642443.8128,NA,NA,24348.454,14692954.2031,NA,NA,12739097.0498,21386.314,NA,NA,243914.3191,NA,NA,37123.6463,33457.2778,10454577.5373,9119845.8302,5838543.7731,720641.246,25455172.4893,28309729.6589
